{
  "family": "spring-petclinic-admin-server",
  "networkMode": "awsvpc",
  "requiresCompatibilities": ["FARGATE"],
  "cpu": "256",
  "memory": "512",
  "containerDefinitions": [
    {
      "name": "spring-petclinic-admin-server",
      "image": "859998883608.dkr.ecr.us-east-2.amazonaws.com/spring-petclinic-admin-server:latest",
      "essential": true,
      "portMappings": [
        {
          "containerPort": 9090,
          "hostPort": 9090
        }
      ],
      "environment": [
        {
          "name": "SPRING_PROFILES_ACTIVE",
          "value": "ecs"
        },
        {
          "name": "CONFIG_SERVER_URL",
          "value": "http://config-server.spring-petclinic.local:8888"
        }          ,
        {
          "name": "EUREKA_CLIENT_SERVICEURL_DEFAULTZONE",
          "value": "http://discovery-server.spring-petclinic.local:8761/eureka/"
        }
        ,
        {
          "name": "SERVER_PORT",
          "value": "9090"
        }
      ],
      "logConfiguration": {
        "logDriver": "awslogs",
        "options": {
          "awslogs-group": "ecs/spring-petclinic",
          "awslogs-region": "us-east-2",
          "awslogs-stream-prefix": "admin-server"
        }
      }
    }
  ],
  "executionRoleArn": "arn:aws:iam::859998883608:role/ecsTaskExecutionRole",
  "taskRoleArn": "arn:aws:iam::859998883608:role/ecsTaskRole"
}
